{

	"model_name" : "resnet18",

	"no_models" : 20,

	"type" : "cifar",

	"global_epochs" : 20,

	"local_epochs" :3,

	"k" : 5,
	"batch_size" : 8,


"rate":[0.9972047186313854, 0.9208384139742514, 1.0, 0.9758505650254097, 0.9350477681522035, 1.0, 0.9113464971524697, 0.8812437928579726, 0.9047480676220278, 0.8968375184065646, 0.9199547935490565, 0.9547669560113791, 1.0, 1.0, 0.8859532110623064, 0.9042547780519355, 0.9136483296097122, 0.9530223382157805, 0.9377193694107466, 0.9400377247449442],

	"momentum" : 0.0001,
	"lr" : 0.1,

	"lambda" : 0.1


}